{"swagger":"2.0","info":{"title":"Cards App","description":"","version":"1.0"},"host":"deckofcardsapi.com","basePath":"/","schemes":["https"],"consumes":[],"produces":[],"paths":{"/api/deck/new/shuffle/":{"get":{"responses":{"default":{"description":"default","schema":{"type":"object","properties":{"success":{"type":"boolean","description":"success"},"deck_id":{"type":"string","description":"deck_id"},"remaining":{"type":"integer","format":"int32","description":"remaining"},"shuffled":{"type":"boolean","description":"shuffled"}}}}},"summary":"Get new Deck of Cards","description":"Get new Deck of Cards","operationId":"NewCardDeck","parameters":[{"name":"deck_count","in":"query","required":false,"type":"integer"}]}},"/api/deck/{ID}/draw/":{"get":{"responses":{"default":{"description":"default","schema":{"type":"object","properties":{"success":{"type":"boolean","description":"success"},"deck_id":{"type":"string","description":"deck_id"},"cards":{"type":"array","items":{"type":"object","properties":{"code":{"type":"string","description":"code"},"image":{"type":"string","description":"image"},"images":{"type":"object","properties":{"svg":{"type":"string","description":"svg"},"png":{"type":"string","description":"png"}},"description":"images"},"value":{"type":"string","description":"value"},"suit":{"type":"string","description":"suit"}}},"description":"cards"},"remaining":{"type":"integer","format":"int32","description":"remaining"}}}}},"summary":"Get New Card","description":"Get New Card","operationId":"GetCard","parameters":[{"name":"ID","in":"path","required":true,"type":"string"},{"name":"count","in":"query","required":false,"type":"integer"}]}},"/entries":{"get":{"responses":{"default":{"description":"default","schema":{}}},"summary":"NewCardDeckLimited","description":"NewCardDeckLimited","operationId":"NewCardDeckLimited","parameters":[]}}},"definitions":{},"parameters":{},"responses":{},"securityDefinitions":{},"security":[],"tags":[]}