<ImportExportXml xmlns:xsi="http://www.w3.org/2001/XMLSchema-instance">
  <Entities></Entities>
  <Roles></Roles>
  <Workflows></Workflows>
  <FieldSecurityProfiles></FieldSecurityProfiles>
  <Templates />
  <EntityMaps />
  <EntityRelationships />
  <OrganizationSettings />
  <optionsets />
  <CustomControls />
  <EntityDataProviders />
  <Connectors>
    <Connector>
      <connectorid>6643cee8-7b37-4918-aaea-28b72f1b524c</connectorid>
      <description></description>
      <displayname>Cards App</displayname>
      <iconbrandcolor>#007ee5</iconbrandcolor>
      <name>cr647_cards-20app</name>
      <connectortype>1</connectortype>
      <openapidefinition>/Connector/cr647_cards-20app_openapidefinition.json</openapidefinition>
      <connectionparameters>/Connector/cr647_cards-20app_connectionparameters.json</connectionparameters>
      <policytemplateinstances>/Connector/cr647_cards-20app_policytemplateinstances.json</policytemplateinstances>
      <iconblob>/Connector/cr647_cards-20app_iconblob.Png</iconblob>
    </Connector>
  </Connectors>
  <Languages>
    <Language>1033</Language>
  </Languages>
</ImportExportXml>