<ImportExportXml xmlns:xsi="http://www.w3.org/2001/XMLSchema-instance">
  <Entities></Entities>
  <Roles></Roles>
  <Workflows></Workflows>
  <FieldSecurityProfiles></FieldSecurityProfiles>
  <Templates />
  <EntityMaps />
  <EntityRelationships />
  <OrganizationSettings />
  <optionsets />
  <CustomControls />
  <EntityDataProviders />
  <CanvasApps>
    <CanvasApp>
      <Name>cr647_cardsapp_e8535</Name>
      <AppVersion>2023-01-02T16:48:47Z</AppVersion>
      <Status>Ready</Status>
      <CreatedByClientVersion>3.22122.15.0</CreatedByClientVersion>
      <MinClientVersion>3.22122.15.0</MinClientVersion>
      <Tags>{"primaryDeviceWidth":"640","primaryDeviceHeight":"1136","supportsPortrait":"true","supportsLandscape":"true","primaryFormFactor":"Phone","publisherVersion":"3.22122.15","minimumRequiredApiVersion":"2.2.0","hasComponent":"false","hasUnlockedComponent":"false","isUnifiedRootApp":"false","sienaVersion":"20230102T164847Z-3.22122.15.0"}</Tags>
      <IsCdsUpgraded>0</IsCdsUpgraded>
      <GalleryItemId xsi:nil="true"></GalleryItemId>
      <BackgroundColor>RGBA(0,176,240,1)</BackgroundColor>
      <DisplayName>Cards App</DisplayName>
      <Description xsi:nil="true"></Description>
      <CommitMessage xsi:nil="true"></CommitMessage>
      <Publisher xsi:nil="true"></Publisher>
      <AuthorizationReferences>[]</AuthorizationReferences>
      <ConnectionReferences>{"c2715216-b9ab-469b-a231-0d3fb33fdc62":{"id":"/providers/microsoft.powerapps/apis/shared_cards-20app-5f88fd7d559b97ce11-5f660028f57b6840ed","displayName":"Cards App","iconUri":"https://az787822.vo.msecnd.net/defaulticons/api-dedicated.png","dataSources":["CardsApp"],"dependencies":[],"dependents":[],"parameterHints":{},"parameterHintsV2":{},"isOnPremiseConnection":false,"bypassConsent":false,"dataSets":{},"apiTier":"Standard","actions":["GetCard","NewCardDeck"],"customApiLogicalName":"cr647_cards-20app","isCustomApiSolutionAware":true}}</ConnectionReferences>
      <DatabaseReferences>{}</DatabaseReferences>
      <AppComponents>[]</AppComponents>
      <AppComponentDependencies>[]</AppComponentDependencies>
      <CanConsumeAppPass>1</CanConsumeAppPass>
      <CanvasAppType>0</CanvasAppType>
      <BypassConsent>0</BypassConsent>
      <AdminControlBypassConsent>0</AdminControlBypassConsent>
      <EmbeddedApp xsi:nil="true"></EmbeddedApp>
      <IntroducedVersion>1.0</IntroducedVersion>
      <CdsDependencies>{"cdsdependencies":[{"logicalname":"cr647_cards-20app","componenttype":372,"componenttypeplatformname":"connector"}]}</CdsDependencies>
      <IsCustomizable>1</IsCustomizable>
      <BackgroundImageUri>/CanvasApps/cr647_cardsapp_e8535_BackgroundImageUri</BackgroundImageUri>
      <DocumentUri>/CanvasApps/cr647_cardsapp_e8535_DocumentUri.msapp</DocumentUri>
    </CanvasApp>
  </CanvasApps>
  <Connectors>
    <Connector>
      <connectorid>6643cee8-7b37-4918-aaea-28b72f1b524c</connectorid>
      <description></description>
      <displayname>Cards App</displayname>
      <iconbrandcolor>#007ee5</iconbrandcolor>
      <name>cr647_cards-20app</name>
      <connectortype>1</connectortype>
      <openapidefinition>/Connector/cr647_cards-20app_openapidefinition.json</openapidefinition>
      <connectionparameters>/Connector/cr647_cards-20app_connectionparameters.json</connectionparameters>
      <policytemplateinstances>/Connector/cr647_cards-20app_policytemplateinstances.json</policytemplateinstances>
      <iconblob>/Connector/cr647_cards-20app_iconblob.Png</iconblob>
    </Connector>
  </Connectors>
  <Languages>
    <Language>1033</Language>
  </Languages>
</ImportExportXml>